concept_id,domain,category,difficulty,situation,purpose,korean_title,korean_structure,korean_description,korean_example,english_title,english_structure,english_description,english_example,japanese_title,japanese_structure,japanese_description,japanese_example,chinese_title,chinese_structure,chinese_description,chinese_example,spanish_title,spanish_structure,spanish_description,spanish_example,korean_word,english_word,japanese_word,chinese_word,spanish_word
daily_who_question,daily,family,basic,casual home,question,ì˜ë¬¸ì‚¬ 'ëˆ„êµ¬' ì‚¬ìš©ë²•,ëˆ„êµ¬ + ë™ì‚¬,ì‚¬ëŒì„ ë¬»ëŠ” ì˜ë¬¸ë¬¸ì— ì‚¬ìš©,ëˆ„êµ¬ + ì˜ˆìš”/ì´ì—ìš”?,Question word 'who',Who + verb,Used to ask about people,Who + is/are?,ç–‘å•è©ã€Œèª°ã€ã®ä½¿ã„æ–¹,èª° + ã§ã™/ã§ã‚ã‚‹,äººã«ã¤ã„ã¦å°‹ã­ã‚‹ç–‘å•æ–‡,èª° + ã§ã™ã‹?,ç–‘é—®è¯"è°"çš„ç”¨æ³•,è° + æ˜¯,ç”¨äºè¯¢é—®äººçš„ç–‘é—®å¥,è° + æ˜¯?,Palabra interrogativa 'quiÃ©n',QuiÃ©n + verbo,Se usa para preguntar sobre personas,Â¿QuiÃ©n + es?,ëˆ„êµ¬,who,èª°,è°,quiÃ©n
daily_where_question,daily,family,basic,casual home,question,ì˜ë¬¸ì‚¬ 'ì–´ë””' ì‚¬ìš©ë²•,ì–´ë”” + ì—/ì—ì„œ,ì¥ì†Œë¥¼ ë¬»ëŠ” ì˜ë¬¸ë¬¸ì— ì‚¬ìš©,ì–´ë”” + ì— ìˆì–´ìš”?,Question word 'where',Where + be,Used to ask about places,Where + is/are?,ç–‘å•è©ã€Œã©ã“ã€ã®ä½¿ã„æ–¹,ã©ã“ + ã«/ã§,å ´æ‰€ã«ã¤ã„ã¦å°‹ã­ã‚‹ç–‘å•æ–‡,ã©ã“ + ã«ã„ã¾ã™ã‹?,ç–‘é—®è¯"å“ªé‡Œ"çš„ç”¨æ³•,å“ªé‡Œ + åœ¨,ç”¨äºè¯¢é—®åœ°ç‚¹çš„ç–‘é—®å¥,åœ¨ + å“ªé‡Œ?,Palabra interrogativa 'dÃ³nde',DÃ³nde + estar,Se usa para preguntar sobre lugares,Â¿DÃ³nde + estÃ¡?,ì–´ë””,where,ã©ã“,å“ªé‡Œ,dÃ³nde
daily_when_question,daily,family,basic,casual home,question,ì˜ë¬¸ì‚¬ 'ì–¸ì œ' ì‚¬ìš©ë²•,ì–¸ì œ + ë™ì‚¬,ì‹œê°„ì„ ë¬»ëŠ” ì˜ë¬¸ë¬¸ì— ì‚¬ìš©,ì–¸ì œ + í•´ìš”?,Question word 'when',When + verb,Used to ask about time,When + do/does?,ç–‘å•è©ã€Œã„ã¤ã€ã®ä½¿ã„æ–¹,ã„ã¤ + å‹•è©,æ™‚é–“ã«ã¤ã„ã¦å°‹ã­ã‚‹ç–‘å•æ–‡,ã„ã¤ + ã—ã¾ã™ã‹?,ç–‘é—®è¯"ä»€ä¹ˆæ—¶å€™"çš„ç”¨æ³•,ä»€ä¹ˆæ—¶å€™ + åŠ¨è¯,ç”¨äºè¯¢é—®æ—¶é—´çš„ç–‘é—®å¥,ä»€ä¹ˆæ—¶å€™ + åš?,Palabra interrogativa 'cuÃ¡ndo',CuÃ¡ndo + verbo,Se usa para preguntar sobre tiempo,Â¿CuÃ¡ndo + haces?,ì–¸ì œ,when,ã„ã¤,ä»€ä¹ˆæ—¶å€™,cuÃ¡ndo
daily_what_question,daily,family,basic,casual home,question,ì˜ë¬¸ì‚¬ 'ë¬´ì—‡' ì‚¬ìš©ë²•,ë¬´ì—‡ì„ + ë™ì‚¬,ì‚¬ë¬¼ì´ë‚˜ í–‰ë™ì„ ë¬»ëŠ” ì˜ë¬¸ë¬¸ì— ì‚¬ìš©,ë¬´ì—‡ì„ + í•´ìš”?,Question word 'what',What + verb,Used to ask about things or actions,What + do/does?,ç–‘å•è©ã€Œä½•ã€ã®ä½¿ã„æ–¹,ä½•ã‚’ + å‹•è©,ç‰©äº‹ã‚„è¡Œå‹•ã«ã¤ã„ã¦å°‹ã­ã‚‹ç–‘å•æ–‡,ä½•ã‚’ + ã—ã¾ã™ã‹?,ç–‘é—®è¯"ä»€ä¹ˆ"çš„ç”¨æ³•,ä»€ä¹ˆ + åŠ¨è¯,ç”¨äºè¯¢é—®äº‹ç‰©æˆ–è¡Œä¸ºçš„ç–‘é—®å¥,ä»€ä¹ˆ + åš?,Palabra interrogativa 'quÃ©',QuÃ© + verbo,Se usa para preguntar sobre cosas o acciones,Â¿QuÃ© + haces?,ë¬´ì—‡,what,ä½•,ä»€ä¹ˆ,quÃ©
daily_why_question,daily,family,basic,casual home,question,ì˜ë¬¸ì‚¬ 'ì™œ' ì‚¬ìš©ë²•,ì™œ + ë™ì‚¬,ì´ìœ ë¥¼ ë¬»ëŠ” ì˜ë¬¸ë¬¸ì— ì‚¬ìš©,ì™œ + í•´ìš”?,Question word 'why',Why + verb,Used to ask about reasons,Why + do/does?,ç–‘å•è©ã€Œãªãœã€ã®ä½¿ã„æ–¹,ãªãœ + å‹•è©,ç†ç”±ã«ã¤ã„ã¦å°‹ã­ã‚‹ç–‘å•æ–‡,ãªãœ + ã—ã¾ã™ã‹?,ç–‘é—®è¯"ä¸ºä»€ä¹ˆ"çš„ç”¨æ³•,ä¸ºä»€ä¹ˆ + åŠ¨è¯,ç”¨äºè¯¢é—®åŸå› çš„ç–‘é—®å¥,ä¸ºä»€ä¹ˆ + åš?,Palabra interrogativa 'por quÃ©',Por quÃ© + verbo,Se usa para preguntar sobre razones,Â¿Por quÃ© + haces?,ì™œ,why,ãªãœ,ä¸ºä»€ä¹ˆ,por quÃ©
daily_how_question,daily,family,basic,casual home,question,ì˜ë¬¸ì‚¬ 'ì–´ë–»ê²Œ' ì‚¬ìš©ë²•,ì–´ë–»ê²Œ + ë™ì‚¬,ë°©ë²•ì„ ë¬»ëŠ” ì˜ë¬¸ë¬¸ì— ì‚¬ìš©,ì–´ë–»ê²Œ + í•´ìš”?,Question word 'how',How + verb,Used to ask about methods,How + do/does?,ç–‘å•è©ã€Œã©ã†ã€ã®ä½¿ã„æ–¹,ã©ã† + å‹•è©,æ–¹æ³•ã«ã¤ã„ã¦å°‹ã­ã‚‹ç–‘å•æ–‡,ã©ã† + ã—ã¾ã™ã‹?,ç–‘é—®è¯"æ€ä¹ˆ"çš„ç”¨æ³•,æ€ä¹ˆ + åŠ¨è¯,ç”¨äºè¯¢é—®æ–¹æ³•çš„ç–‘é—®å¥,æ€ä¹ˆ + åš?,Palabra interrogativa 'cÃ³mo',CÃ³mo + verbo,Se usa para preguntar sobre mÃ©todos,Â¿CÃ³mo + haces?,ì–´ë–»ê²Œ,how,ã©ã†,æ€ä¹ˆ,cÃ³mo
daily_how_much_question,daily,family,basic,casual home,question,ì˜ë¬¸ì‚¬ 'ì–¼ë§ˆ' ì‚¬ìš©ë²•,ì–¼ë§ˆ + ëª…ì‚¬,ìˆ˜ëŸ‰ì´ë‚˜ ê°€ê²©ì„ ë¬»ëŠ” ì˜ë¬¸ë¬¸ì— ì‚¬ìš©,ì–¼ë§ˆ + ì˜ˆìš”?,Question word 'how much',How much + noun,Used to ask about quantity or price,How much + is/are?,ç–‘å•è©ã€Œã„ãã‚‰ã€ã®ä½¿ã„æ–¹,ã„ãã‚‰ + åè©,æ•°é‡ã‚„å€¤æ®µã«ã¤ã„ã¦å°‹ã­ã‚‹ç–‘å•æ–‡,ã„ãã‚‰ + ã§ã™ã‹?,ç–‘é—®è¯"å¤šå°‘"çš„ç”¨æ³•,å¤šå°‘ + åè¯,ç”¨äºè¯¢é—®æ•°é‡æˆ–ä»·æ ¼çš„ç–‘é—®å¥,å¤šå°‘ + é’±?,Palabra interrogativa 'cuÃ¡nto',CuÃ¡nto + sustantivo,Se usa para preguntar sobre cantidad o precio,Â¿CuÃ¡nto + cuesta?,ì–¼ë§ˆ,how much,ã„ãã‚‰,å¤šå°‘,cuÃ¡nto
daily_which_question,daily,family,basic,casual home,question,ì˜ë¬¸ì‚¬ 'ì–´ë–¤' ì‚¬ìš©ë²•,ì–´ë–¤ + ëª…ì‚¬,ì„ íƒì„ ë¬»ëŠ” ì˜ë¬¸ë¬¸ì— ì‚¬ìš©,ì–´ë–¤ + ê²ƒ?,Question word 'which',Which + noun,Used to ask about choices,Which + one?,ç–‘å•è©ã€Œã©ã‚Œã€ã®ä½¿ã„æ–¹,ã©ã‚Œ + åè©,é¸æŠã«ã¤ã„ã¦å°‹ã­ã‚‹ç–‘å•æ–‡,ã©ã‚Œ + ã§ã™ã‹?,ç–‘é—®è¯"å“ªä¸ª"çš„ç”¨æ³•,å“ªä¸ª + åè¯,ç”¨äºè¯¢é—®é€‰æ‹©çš„ç–‘é—®å¥,å“ªä¸ª + å¥½?,Palabra interrogativa 'cuÃ¡l',CuÃ¡l + sustantivo,Se usa para preguntar sobre opciones,Â¿CuÃ¡l + prefieres?,ì–´ë–¤,which,ã©ã‚Œ,å“ªä¸ª,cuÃ¡l
daily_live_verb,daily,family,basic,casual home,question,ë™ì‚¬ 'ì‚´ë‹¤' í™œìš©,ì£¼ì–´ + ì—ì„œ + ì‚´ë‹¤,ê±°ì£¼ì§€ë¥¼ ë‚˜íƒ€ë‚´ëŠ” ë™ì‚¬,ì„œìš¸ì—ì„œ + ì‚´ì•„ìš”,Verb 'live' usage,Subject + live + in,Verb showing residence,Live + in Seoul,å‹•è©ã€Œä½ã‚€ã€ã®æ´»ç”¨,ä¸»èª + ã« + ä½ã‚€,å±…ä½ã‚’è¡¨ã™å‹•è©,æ±äº¬ã« + ä½ã¿ã¾ã™,åŠ¨è¯"ä½"çš„ç”¨æ³•,ä¸»è¯­ + åœ¨ + ä½,è¡¨ç¤ºå±…ä½çš„åŠ¨è¯,åœ¨åŒ—äº¬ + ä½,Verbo 'vivir' conjugaciÃ³n,Sujeto + vivir + en,Verbo que indica residencia,Vivir + en Madrid,ì‚´ë‹¤,live,ä½ã‚€,ä½,vivir
daily_work_verb,daily,family,basic,casual home,question,ë™ì‚¬ 'ì¼í•˜ë‹¤' í™œìš©,ì£¼ì–´ + ì—ì„œ + ì¼í•˜ë‹¤,ì§ì—… í™œë™ì„ ë‚˜íƒ€ë‚´ëŠ” ë™ì‚¬,íšŒì‚¬ì—ì„œ + ì¼í•´ìš”,Verb 'work' usage,Subject + work + at,Verb showing job activity,Work + at office,å‹•è©ã€Œåƒãã€ã®æ´»ç”¨,ä¸»èª + ã§ + åƒã,è·æ¥­æ´»å‹•ã‚’è¡¨ã™å‹•è©,ä¼šç¤¾ã§ + åƒãã¾ã™,åŠ¨è¯"å·¥ä½œ"çš„ç”¨æ³•,ä¸»è¯­ + åœ¨ + å·¥ä½œ,è¡¨ç¤ºèŒä¸šæ´»åŠ¨çš„åŠ¨è¯,åœ¨å…¬å¸ + å·¥ä½œ,Verbo 'trabajar' conjugaciÃ³n,Sujeto + trabajar + en,Verbo que indica actividad laboral,Trabajar + en oficina,ì¼í•˜ë‹¤,work,åƒã,å·¥ä½œ,trabajar
daily_like_verb,daily,family,basic,casual home,question,ë™ì‚¬ 'ì¢‹ì•„í•˜ë‹¤' í™œìš©,ì£¼ì–´ + ì„/ë¥¼ + ì¢‹ì•„í•˜ë‹¤,ì„ í˜¸ë¥¼ ë‚˜íƒ€ë‚´ëŠ” ë™ì‚¬,ìŒì•…ì„ + ì¢‹ì•„í•´ìš”,Verb 'like' usage,Subject + like + object,Verb showing preference,Like + music,å‹•è©ã€Œå¥½ãã€ã®æ´»ç”¨,ä¸»èª + ãŒ + å¥½ã,å¥½ã¿ã‚’è¡¨ã™å‹•è©,éŸ³æ¥½ãŒ + å¥½ãã§ã™,åŠ¨è¯"å–œæ¬¢"çš„ç”¨æ³•,ä¸»è¯­ + å–œæ¬¢ + å®¾è¯­,è¡¨ç¤ºå–œå¥½çš„åŠ¨è¯,å–œæ¬¢ + éŸ³ä¹,Verbo 'gustar' conjugaciÃ³n,A + sujeto + le gusta,Verbo que indica preferencia,Me gusta + mÃºsica,ì¢‹ì•„í•˜ë‹¤,like,å¥½ã,å–œæ¬¢,gustar
daily_love_verb,daily,family,basic,casual home,question,ë™ì‚¬ 'ì‚¬ë‘í•˜ë‹¤' í™œìš©,ì£¼ì–´ + ì„/ë¥¼ + ì‚¬ë‘í•˜ë‹¤,ê¹Šì€ ì• ì •ì„ ë‚˜íƒ€ë‚´ëŠ” ë™ì‚¬,ê°€ì¡±ì„ + ì‚¬ë‘í•´ìš”,Verb 'love' usage,Subject + love + object,Verb showing deep affection,Love + family,å‹•è©ã€Œæ„›ã™ã‚‹ã€ã®æ´»ç”¨,ä¸»èª + ã‚’ + æ„›ã™ã‚‹,æ·±ã„æ„›æƒ…ã‚’è¡¨ã™å‹•è©,å®¶æ—ã‚’ + æ„›ã—ã¦ã„ã¾ã™,åŠ¨è¯"çˆ±"çš„ç”¨æ³•,ä¸»è¯­ + çˆ± + å®¾è¯­,è¡¨ç¤ºæ·±å±‚æ„Ÿæƒ…çš„åŠ¨è¯,çˆ± + å®¶äºº,Verbo 'amar' conjugaciÃ³n,Sujeto + amar + objeto,Verbo que indica amor profundo,Amar + familia,ì‚¬ë‘í•˜ë‹¤,love,æ„›ã™ã‚‹,çˆ±,amar
daily_care_verb,daily,family,basic,casual home,question,ë™ì‚¬ 'ëŒë³´ë‹¤' í™œìš©,ì£¼ì–´ + ì„/ë¥¼ + ëŒë³´ë‹¤,ë³´ì‚´í•Œì„ ë‚˜íƒ€ë‚´ëŠ” ë™ì‚¬,ì•„ì´ë¥¼ + ëŒë´ìš”,Verb 'care' usage,Subject + care for + object,Verb showing care giving,Care for + child,å‹•è©ã€Œä¸–è©±ã™ã‚‹ã€ã®æ´»ç”¨,ä¸»èª + ã® + ä¸–è©±ã‚’ã™ã‚‹,ä¸–è©±ã‚’è¡¨ã™å‹•è©,å­ã©ã‚‚ã® + ä¸–è©±ã‚’ã—ã¾ã™,åŠ¨è¯"ç…§é¡¾"çš„ç”¨æ³•,ä¸»è¯­ + ç…§é¡¾ + å®¾è¯­,è¡¨ç¤ºå…³æ€€çš„åŠ¨è¯,ç…§é¡¾ + å­©å­,Verbo 'cuidar' conjugaciÃ³n,Sujeto + cuidar + objeto,Verbo que indica cuidado,Cuidar + niÃ±o,ëŒë³´ë‹¤,care,ä¸–è©±ã™ã‚‹,ç…§é¡¾,cuidar
daily_meet_verb,daily,family,basic,casual home,question,ë™ì‚¬ 'ë§Œë‚˜ë‹¤' í™œìš©,ì£¼ì–´ + ì„/ë¥¼ + ë§Œë‚˜ë‹¤,ë§Œë‚¨ì„ ë‚˜íƒ€ë‚´ëŠ” ë™ì‚¬,ì¹œêµ¬ë¥¼ + ë§Œë‚˜ìš”,Verb 'meet' usage,Subject + meet + object,Verb showing encounter,Meet + friend,å‹•è©ã€Œä¼šã†ã€ã®æ´»ç”¨,ä¸»èª + ã¨ + ä¼šã†,å‡ºä¼šã„ã‚’è¡¨ã™å‹•è©,å‹é”ã¨ + ä¼šã„ã¾ã™,åŠ¨è¯"è§é¢"çš„ç”¨æ³•,ä¸»è¯­ + å’Œ + è§é¢,è¡¨ç¤ºç›¸é‡çš„åŠ¨è¯,å’Œæœ‹å‹ + è§é¢,Verbo 'encontrar' conjugaciÃ³n,Sujeto + encontrar + objeto,Verbo que indica encuentro,Encontrar + amigo,ë§Œë‚˜ë‹¤,meet,ä¼šã†,è§é¢,encontrar
daily_father_noun,daily,family,basic,casual home,question,ëª…ì‚¬ 'ì•„ë²„ì§€' ìš©ë²•,ìš°ë¦¬ + ì•„ë²„ì§€,ë‚¨ì„± ë¶€ëª¨ë¥¼ ê°€ë¦¬í‚¤ëŠ” ëª…ì‚¬,ìš°ë¦¬ + ì•„ë²„ì§€ëŠ”,Noun 'father' usage,My/Our + father,Noun referring to male parent,My/Our + father is,åè©ã€Œçˆ¶ã€ã®ç”¨æ³•,ç§ãŸã¡ã® + çˆ¶,ç”·æ€§ã®è¦ªã‚’æŒ‡ã™åè©,ç§ãŸã¡ã® + çˆ¶ã¯,åè¯"çˆ¶äº²"çš„ç”¨æ³•,æˆ‘ä»¬çš„ + çˆ¶äº²,æŒ‡ç”·æ€§å®¶é•¿çš„åè¯,æˆ‘ä»¬çš„ + çˆ¶äº²æ˜¯,Sustantivo 'padre' uso,Nuestro + padre,Sustantivo que se refiere al progenitor masculino,Nuestro + padre es,ì•„ë²„ì§€,father,çˆ¶,çˆ¶äº²,padre
daily_mother_noun,daily,family,basic,casual home,question,ëª…ì‚¬ 'ì–´ë¨¸ë‹ˆ' ìš©ë²•,ìš°ë¦¬ + ì–´ë¨¸ë‹ˆ,ì—¬ì„± ë¶€ëª¨ë¥¼ ê°€ë¦¬í‚¤ëŠ” ëª…ì‚¬,ìš°ë¦¬ + ì–´ë¨¸ë‹ˆëŠ”,Noun 'mother' usage,My/Our + mother,Noun referring to female parent,My/Our + mother is,åè©ã€Œæ¯ã€ã®ç”¨æ³•,ç§ãŸã¡ã® + æ¯,å¥³æ€§ã®è¦ªã‚’æŒ‡ã™åè©,ç§ãŸã¡ã® + æ¯ã¯,åè¯"æ¯äº²"çš„ç”¨æ³•,æˆ‘ä»¬çš„ + æ¯äº²,æŒ‡å¥³æ€§å®¶é•¿çš„åè¯,æˆ‘ä»¬çš„ + æ¯äº²æ˜¯,Sustantivo 'madre' uso,Nuestra + madre,Sustantivo que se refiere a la progenitora femenina,Nuestra + madre es,ì–´ë¨¸ë‹ˆ,mother,æ¯,æ¯äº²,madre
daily_brother_noun,daily,family,basic,casual home,question,ëª…ì‚¬ 'í˜•ì œ' ìš©ë²•,ìš°ë¦¬ + í˜•ì œ,ë‚¨ì„± í˜•ì œìë§¤ë¥¼ ê°€ë¦¬í‚¤ëŠ” ëª…ì‚¬,ìš°ë¦¬ + í˜•ì œëŠ”,Noun 'brother' usage,My/Our + brother,Noun referring to male sibling,My/Our + brother is,åè©ã€Œå…„å¼Ÿã€ã®ç”¨æ³•,ç§ãŸã¡ã® + å…„å¼Ÿ,ç”·æ€§ã®ãã‚‡ã†ã ã„ã‚’æŒ‡ã™åè©,ç§ãŸã¡ã® + å…„å¼Ÿã¯,åè¯"å…„å¼Ÿ"çš„ç”¨æ³•,æˆ‘ä»¬çš„ + å…„å¼Ÿ,æŒ‡ç”·æ€§å…„å¼Ÿå§å¦¹çš„åè¯,æˆ‘ä»¬çš„ + å…„å¼Ÿæ˜¯,Sustantivo 'hermano' uso,Nuestro + hermano,Sustantivo que se refiere al hermano masculino,Nuestro + hermano es,í˜•ì œ,brother,å…„å¼Ÿ,å…„å¼Ÿ,hermano
daily_sister_noun,daily,family,basic,casual home,question,ëª…ì‚¬ 'ìë§¤' ìš©ë²•,ìš°ë¦¬ + ìë§¤,ì—¬ì„± í˜•ì œìë§¤ë¥¼ ê°€ë¦¬í‚¤ëŠ” ëª…ì‚¬,ìš°ë¦¬ + ìë§¤ëŠ”,Noun 'sister' usage,My/Our + sister,Noun referring to female sibling,My/Our + sister is,åè©ã€Œå§‰å¦¹ã€ã®ç”¨æ³•,ç§ãŸã¡ã® + å§‰å¦¹,å¥³æ€§ã®ãã‚‡ã†ã ã„ã‚’æŒ‡ã™åè©,ç§ãŸã¡ã® + å§‰å¦¹ã¯,åè¯"å§å¦¹"çš„ç”¨æ³•,æˆ‘ä»¬çš„ + å§å¦¹,æŒ‡å¥³æ€§å…„å¼Ÿå§å¦¹çš„åè¯,æˆ‘ä»¬çš„ + å§å¦¹æ˜¯,Sustantivo 'hermana' uso,Nuestra + hermana,Sustantivo que se refiere a la hermana femenina,Nuestra + hermana es,ìë§¤,sister,å§‰å¦¹,å§å¦¹,hermana
daily_family_noun,daily,family,basic,casual home,question,ëª…ì‚¬ 'ê°€ì¡±' ìš©ë²•,ìš°ë¦¬ + ê°€ì¡±,í˜ˆì—° ê³µë™ì²´ë¥¼ ê°€ë¦¬í‚¤ëŠ” ëª…ì‚¬,ìš°ë¦¬ + ê°€ì¡±ì€,Noun 'family' usage,My/Our + family,Noun referring to related group,My/Our + family is,åè©ã€Œå®¶æ—ã€ã®ç”¨æ³•,ç§ãŸã¡ã® + å®¶æ—,è¡€ç¸å…±åŒä½“ã‚’æŒ‡ã™åè©,ç§ãŸã¡ã® + å®¶æ—ã¯,åè¯"å®¶åº­"çš„ç”¨æ³•,æˆ‘ä»¬çš„ + å®¶åº­,æŒ‡è¡€ç¼˜ç¾¤ä½“çš„åè¯,æˆ‘ä»¬çš„ + å®¶åº­æ˜¯,Sustantivo 'familia' uso,Nuestra + familia,Sustantivo que se refiere al grupo familiar,Nuestra + familia es,ê°€ì¡±,family,å®¶æ—,å®¶åº­,familia
daily_home_noun,daily,family,basic,casual home,question,ëª…ì‚¬ 'ì§‘' ìš©ë²•,ìš°ë¦¬ + ì§‘,ê±°ì£¼ì§€ë¥¼ ê°€ë¦¬í‚¤ëŠ” ëª…ì‚¬,ìš°ë¦¬ + ì§‘ì€,Noun 'home' usage,My/Our + home,Noun referring to residence,My/Our + home is,åè©ã€Œå®¶ã€ã®ç”¨æ³•,ç§ãŸã¡ã® + å®¶,ä½å±…ã‚’æŒ‡ã™åè©,ç§ãŸã¡ã® + å®¶ã¯,åè¯"å®¶"çš„ç”¨æ³•,æˆ‘ä»¬çš„ + å®¶,æŒ‡å±…ä½åœ°çš„åè¯,æˆ‘ä»¬çš„ + å®¶æ˜¯,Sustantivo 'casa' uso,Nuestra + casa,Sustantivo que se refiere al hogar,Nuestra + casa es,ì§‘,home,å®¶,å®¶,casa
daily_grandfather_noun,daily,family,basic,casual home,question,ëª…ì‚¬ '? ì•„ë²„ì?' ?©ë²•,?°ë¦¬ + ? ì•„ë²„ì?,?¨ì„± ì¡°ë?ëª¨ë? ê°€ë¦¬í‚¤??ëª…ì‚¬,?°ë¦¬ + ? ì•„ë²„ì?ê»˜ì„œ,Noun 'grandfather' usage,My/Our + grandfather,Noun referring to male grandparent,My/Our + grandfather is,?è©?Œç¥–?¶ã€ã®?¨æ³•,ç§ãŸ?¡ã® + ç¥–çˆ¶,?·æ€§ã®ç¥–çˆ¶?’æŒ‡?™åè©?ç§ãŸ?¡ã® + ç¥–çˆ¶???è¯"?·çˆ·"?„ç”¨æ³??‘ä»¬??+ ?·çˆ·,?‡ç”·?§ç¥–?¶çš„?è¯,?‘ä»¬??+ ?·çˆ·??Sustantivo 'abuelo' uso,Nuestro + abuelo,Sustantivo que se refiere al abuelo masculino,Nuestro + abuelo es,? ì•„ë²„ì?,grandfather,ç¥–çˆ¶,?·çˆ·,abuelo
daily_grandmother_noun,daily,family,basic,casual home,question,ëª…ì‚¬ '? ë¨¸?? ?©ë²•,?°ë¦¬ + ? ë¨¸???¬ì„± ì¡°ë?ëª¨ë? ê°€ë¦¬í‚¤??ëª…ì‚¬,?°ë¦¬ + ? ë¨¸?ˆê»˜??Noun 'grandmother' usage,My/Our + grandmother,Noun referring to female grandparent,My/Our + grandmother is,?è©?Œç¥–æ¯ã€ã®?¨æ³•,ç§ãŸ?¡ã® + ç¥–æ¯,å¥³æ€§ã®ç¥–æ¯?’æŒ‡?™åè©?ç§ãŸ?¡ã® + ç¥–æ¯???è¯"å¥¶å¥¶"?„ç”¨æ³??‘ä»¬??+ å¥¶å¥¶,?‡å¥³?§ç¥–æ¯çš„?è¯,?‘ä»¬??+ å¥¶å¥¶??Sustantivo 'abuela' uso,Nuestra + abuela,Sustantivo que se refiere a la abuela femenina,Nuestra + abuela es,? ë¨¸??grandmother,ç¥–æ¯,å¥¶å¥¶,abuela
daily_child_noun,daily,family,basic,casual home,question,ëª…ì‚¬ '?„ì´' ?©ë²•,?°ë¦¬ + ?„ì´,?´ë¦° ?¬ëŒ??ê°€ë¦¬í‚¤??ëª…ì‚¬,?°ë¦¬ + ?„ì´??Noun 'child' usage,My/Our + child,Noun referring to young person,My/Our + child is,?è©?Œå­ä¾›ã€ã®?¨æ³•,ç§ãŸ?¡ã® + å­ä¾›,å¹¼ã„äººã‚’?‡ã™?è©,ç§ãŸ?¡ã® + å­ä¾›???è¯"å­©å­"?„ç”¨æ³??‘ä»¬??+ å­©å­,?‡å¹´å¹¼äºº?„åè¯??‘ä»¬??+ å­©å­??Sustantivo 'niÃ±o' uso,Nuestro + niÃ±o,Sustantivo que se refiere a persona joven,Nuestro + niÃ±o es,?„ì´,child,å­ä¾›,å­©å­,niÃ±o
daily_uncle_noun,daily,family,basic,casual home,question,ëª…ì‚¬ '?¼ì´Œ' ?©ë²•,?°ë¦¬ + ?¼ì´Œ,?¨ì„± ì¹œì²™??ê°€ë¦¬í‚¤??ëª…ì‚¬,?°ë¦¬ + ?¼ì´Œ?€,Noun 'uncle' usage,My/Our + uncle,Noun referring to male relative,My/Our + uncle is,?è©?Œå”?¶ã€ã®?¨æ³•,ç§ãŸ?¡ã® + ?”çˆ¶,?·æ€§ã®è¦ªæˆš?’æŒ‡?™åè©?ç§ãŸ?¡ã® + ?”çˆ¶???è¯"?”å”"?„ç”¨æ³??‘ä»¬??+ ?”å”,?‡ç”·?§äº²?šçš„?è¯,?‘ä»¬??+ ?”å”??Sustantivo 'tÃ­o' uso,Nuestro + tÃ­o,Sustantivo que se refiere al pariente masculino,Nuestro + tÃ­o es,?¼ì´Œ,uncle,?”çˆ¶,?”å”,tÃ­o
daily_aunt_noun,daily,family,basic,casual home,question,ëª…ì‚¬ '?´ëª¨' ?©ë²•,?°ë¦¬ + ?´ëª¨,?¬ì„± ì¹œì²™??ê°€ë¦¬í‚¤??ëª…ì‚¬,?°ë¦¬ + ?´ëª¨??Noun 'aunt' usage,My/Our + aunt,Noun referring to female relative,My/Our + aunt is,?è©?Œå”æ¯ã€ã®?¨æ³•,ç§ãŸ?¡ã® + ?”æ¯,å¥³æ€§ã®è¦ªæˆš?’æŒ‡?™åè©?ç§ãŸ?¡ã® + ?”æ¯???è¯"?¿å§¨"?„ç”¨ë²??‘ä»¬??+ ?¿å§¨,?‡å¥³?§äº²?šçš„?è¯,?‘ä»¬??+ ?¿å§¨??Sustantivo 'tÃ­a' uso,Nuestra + tÃ­a,Sustantivo que se refiere a la pariente femenina,Nuestra + tÃ­a es,?´ëª¨,aunt,?”æ¯,?¿å§¨,tÃ­a
daily_cousin_noun,daily,family,basic,casual home,question,ëª…ì‚¬ '?¬ì´Œ' ?©ë²•,?°ë¦¬ + ?¬ì´Œ,ì¹œì²™???ë?ë¥?ê°€ë¦¬í‚¤??ëª…ì‚¬,?°ë¦¬ + ?¬ì´Œ?€,Noun 'cousin' usage,My/Our + cousin,Noun referring to relative's child,My/Our + cousin is,?è©?Œã„?¨ã“?ã®?¨æ³•,ç§ãŸ?¡ã® + ?„ã¨??è¦ªæˆš??­ä¾›ã‚’?‡ã™?è©,ç§ãŸ?¡ã® + ?„ã¨?“ã¯,?è¯"è¡¨å…„å¼??„ç”¨æ³??‘ä»¬??+ è¡¨å…„å¼??‡äº²?šå?å­çš„?è¯,?‘ä»¬??+ è¡¨å…„å¼Ÿæ˜¯,Sustantivo 'primo' uso,Nuestro + primo,Sustantivo que se refiere al hijo de pariente,Nuestro + primo es,?¬ì´Œ,cousin,?„ã¨??è¡¨å…„å¼?primo
daily_son_noun,daily,family,basic,casual home,question,ëª…ì‚¬ '?„ë“¤' ?©ë²•,?°ë¦¬ + ?„ë“¤,?¨ì„± ?ë?ë¥?ê°€ë¦¬í‚¤??ëª…ì‚¬,?°ë¦¬ + ?„ë“¤?€,Noun 'son' usage,My/Our + son,Noun referring to male child,My/Our + son is,?è©?Œæ¯å­ã€ã®?¨æ³•,ç§ãŸ?¡ã® + ??­,?·æ€§ã®å­ä¾›?’æŒ‡?™åè©?ç§ãŸ?¡ã® + ??­???è¯"?¿å­"?„ç”¨æ³??‘ä»¬??+ ?¿å­,?‡ç”·?§å­å¥³çš„?è¯,?‘ä»¬??+ ?¿å­??Sustantivo 'hijo' uso,Nuestro + hijo,Sustantivo que se refiere al hijo masculino,Nuestro + hijo es,?„ë“¤,son,??­,?¿å­,hijo
daily_daughter_noun,daily,family,basic,casual home,question,ëª…ì‚¬ '?? ?©ë²•,?°ë¦¬ + ???¬ì„± ?ë?ë¥?ê°€ë¦¬í‚¤??ëª…ì‚¬,?°ë¦¬ + ?¸ì?,Noun 'daughter' usage,My/Our + daughter,Noun referring to female child,My/Our + daughter is,?è©?Œå¨˜?ã®?¨æ³•,ç§ãŸ?¡ã® + å¨?å¥³æ€§ã®å­ä¾›?’æŒ‡?™åè©?ç§ãŸ?¡ã® + å¨˜ã¯,?è¯"å¥³å„¿"?„ç”¨æ³??‘ä»¬??+ å¥³å„¿,?‡å¥³?§å­å¥³çš„?è¯,?‘ä»¬??+ å¥³å„¿??Sustantivo 'hija' uso,Nuestra + hija,Sustantivo que se refiere a la hija femenina,Nuestra + hija es,??daughter,å¨?å¥³å„¿,hija
daily_husband_noun,daily,family,basic,casual home,question,ëª…ì‚¬ '?¨í¸' ?©ë²•,?°ë¦¬ + ?¨í¸,ê²°í˜¼???¨ì„±??ê°€ë¦¬í‚¤??ëª…ì‚¬,?°ë¦¬ + ?¨í¸?€,Noun 'husband' usage,My/Our + husband,Noun referring to married man,My/Our + husband is,?è©?Œå¤«?ã®?¨æ³•,ç§ãŸ?¡ã® + å¤?çµå©š?—ãŸ?·æ€§ã‚’?‡ã™?è©,ç§ãŸ?¡ã® + å¤«ã¯,?è¯"ä¸ˆå¤«"?„ç”¨ë²??‘ä»¬??+ ä¸ˆå¤«,?‡å·²å©šç”·?§çš„?è¯,?‘ä»¬??+ ä¸ˆå¤«??Sustantivo 'esposo' uso,Nuestro + esposo,Sustantivo que se refiere al hombre casado,Nuestro + esposo es,?¨í¸,husband,å¤?ä¸ˆå¤«,esposo
daily_wife_noun,daily,family,basic,casual home,question,ëª…ì‚¬ '?„ë‚´' ?©ë²•,?°ë¦¬ + ?„ë‚´,ê²°í˜¼???¬ì„±??ê°€ë¦¬í‚¤??ëª…ì‚¬,?°ë¦¬ + ?„ë‚´??Noun 'wife' usage,My/Our + wife,Noun referring to married woman,My/Our + wife is,?è©?Œå¦»?ã®?¨æ³•,ç§ãŸ?¡ã® + å¦?çµå©š?—ãŸå¥³æ€§ã‚’?‡ã™?è©,ç§ãŸ?¡ã® + å¦»ã¯,?è¯"å¦»å­"?„ç”¨ë²??‘ä»¬??+ å¦»å­,?‡å·²å©šå¥³?§çš„?è¯,?‘ä»¬??+ å¦»å­??Sustantivo 'esposa' uso,Nuestra + esposa,Sustantivo que se refiere a la mujer casada,Nuestra + esposa es,?„ë‚´,wife,å¦?å¦»å­,esposa
daily_play_verb,daily,family,basic,casual home,question,?™ì‚¬ '?€?? ?œìš©,ì£¼ì–´ + ?€/ê³?+ ?€???¬ë?ë¥??˜í??´ëŠ” ?™ì‚¬,ì¹œêµ¬?€ + ?€?„ìš”,Verb 'play' usage,Subject + play + with,Verb showing fun activity,Play + with friends,?•è©?ŒéŠ?¶ã€ã®æ´»ç”¨,ä¸»èª + ??+ ?Šã¶,æ¥½ã—?¿ã‚’è¡¨ã™?•è©,?‹é”??+ ?Šã³?¾ã™,?¨è¯"???„ç”¨æ³?ä¸»è? + ??+ ??è¡¨ç¤ºå¨±ä¹?„åŠ¨è¯??Œæœ‹??+ ??Verbo 'jugar' conjugaciÃ³n,Sujeto + jugar + con,Verbo que indica diversiÃ³n,Jugar + con amigos,?€??play,?Šã¶,??jugar
daily_help_verb,daily,family,basic,casual home,question,?™ì‚¬ '?•ë‹¤' ?œìš©,ì£¼ì–´ + ??ë¥?+ ?•ë‹¤,?„ì????˜í??´ëŠ” ?™ì‚¬,ê°€ì¡±ì„ + ?„ì???Verb 'help' usage,Subject + help + object,Verb showing assistance,Help + family,?•è©?Œæ‰‹ä¼ã†?ã®æ´»ìš©,ä¸»èª + ??+ ?‹ä¼???©ã‘?’è¡¨?™å‹•è©?å®¶æ—??+ ?‹ä¼?„ã¾???¨è¯"å¸?Š©"?„ç”¨ë²?ä¸»è? + å¸?Š© + å®¾è?,è¡¨ç¤º?åŠ©?„åŠ¨è¯?å¸?Š© + å®¶äºº,Verbo 'ayudar' conjugaciÃ³n,Sujeto + ayudar + objeto,Verbo que indica asistencia,Ayudar + familia,?•ë‹¤,help,?‹ä¼??å¸?Š©,ayudar
daily_cook_verb,daily,family,basic,casual home,question,?™ì‚¬ '?”ë¦¬?˜ë‹¤' ?œìš©,ì£¼ì–´ + ??ë¥?+ ?”ë¦¬?˜ë‹¤,?”ë¦¬ë¥??˜í??´ëŠ” ?™ì‚¬,?Œì‹??+ ?”ë¦¬?´ìš”,Verb 'cook' usage,Subject + cook + object,Verb showing cooking,Cook + food,?•è©?Œæ–™?†ã™?‹ã€ã®æ´»ç”¨,ä¸»èª + ??+ ?™ç†?™ã‚‹,?™ç†?’è¡¨?™å‹•è©??™ç†??+ ä½œã‚Š?¾ã™,?¨è¯"?šé?"?„ç”¨æ³?ä¸»è? + ??+ å®¾è?,è¡¨ç¤º?¹é¥ª?„åŠ¨è¯???+ é¥?Verbo 'cocinar' conjugaciÃ³n,Sujeto + cocinar + objeto,Verbo que indica cocinar,Cocinar + comida,?”ë¦¬?˜ë‹¤,cook,?™ç†?™ã‚‹,?šé?,cocinar
daily_study_verb,daily,family,basic,casual home,question,?™ì‚¬ 'ê³µë??˜ë‹¤' ?œìš©,ì£¼ì–´ + ??ë¥?+ ê³µë??˜ë‹¤,?™ìŠµ???˜í??´ëŠ” ?™ì‚¬,?˜í•™??+ ê³µë??´ìš”,Verb 'study' usage,Subject + study + object,Verb showing learning,Study + math,?•è©?Œå‹‰å¼·ã™?‹ã€ã®æ´»ç”¨,ä¸»èª + ??+ ?‰å¼·?™ã‚‹,å­?¿’?„è¡¨?™å‹•è©??°å???+ ?‰å¼·?—ã¾???¨è¯"å­¦ä¹ "?„ç”¨ë²?ä¸»è? + å­¦ä¹  + å®¾è?,è¡¨ç¤ºå­¦ä¹ ?„åŠ¨è¯?å­¦ä¹  + ?°å?,Verbo 'estudiar' conjugaciÃ³n,Sujeto + estudiar + objeto,Verbo que indica aprendizaje,Estudiar + matemÃ¡ticas,ê³µë??˜ë‹¤,study,?‰å¼·?™ã‚‹,å­¦ä¹ ,estudiar
daily_sleep_verb,daily,family,basic,casual home,question,?™ì‚¬ '?ë‹¤' ?œìš©,ì£¼ì–´ + ?ì„œ + ?ë‹¤,?˜ë©´???˜í??´ëŠ” ?™ì‚¬,ì¹¨ë??ì„œ + ?ìš”,Verb 'sleep' usage,Subject + sleep + in,Verb showing rest,Sleep + in bed,?•è©?Œå¯?‹ã€ã®æ´»ç”¨,ä¸»èª + ??+ å¯ã‚‹,?¡çœ ?’è¡¨?™å‹•è©??™ãƒƒ?‰ã§ + å¯ã¾???¨è¯"?¡è§‰"?„ìš©ë²?ä¸»è? + ??+ ?¡è§‰,è¡¨ç¤º?¡çœ ?„åŠ¨è¯??¨åºŠä¸?+ ?¡è§‰,Verbo 'dormir' conjugaciÃ³n,Sujeto + dormir + en,Verbo que indica descanso,Dormir + en cama,?ë‹¤,sleep,å¯ã‚‹,?¡è§‰,dormir
daily_eat_verb,daily,family,basic,casual home,question,?™ì‚¬ 'ë¨¹ë‹¤' ?œìš©,ì£¼ì–´ + ??ë¥?+ ë¨¹ë‹¤,??·¨ë¥??˜í??´ëŠ” ?™ì‚¬,ë°¥ì„ + ë¨¹ì–´??Verb 'eat' usage,Subject + eat + object,Verb showing consumption,Eat + rice,?•è©?Œé£Ÿ?¹ã‚‹?ã®æ´»ç”¨,ä¸»èª + ??+ é£Ÿã¹???‚å–?’è¡¨?™å‹•è©??”é£¯??+ é£Ÿã¹?¾ã™,?¨è¯"???„ìš©ë²?ä¸»è? + ??+ å®¾è?,è¡¨ç¤º?„å–?„åŠ¨è¯???+ é¥?Verbo 'comer' conjugaciÃ³n,Sujeto + comer + objeto,Verbo que indica consumo,Comer + arroz,ë¨¹ë‹¤,eat,é£Ÿã¹????comer
daily_talk_verb,daily,family,basic,casual home,question,?™ì‚¬ '?´ì•¼ê¸°í•˜?? ?œìš©,ì£¼ì–´ + ?€/ê³?+ ?´ì•¼ê¸°í•˜???€?”ë? ?˜í??´ëŠ” ?™ì‚¬,ì¹œêµ¬?€ + ?´ì•¼ê¸°í•´??Verb 'talk' usage,Subject + talk + with,Verb showing conversation,Talk + with friend,?•è©?Œè©±?™ã€ã®?œìš©,ä¸»èª + ??+ è©±ã™,å¯¾è©±?’è¡¨?™å‹•è©??‹é”??+ è©±ã—?¾ã™,?¨è¯"è¯´è¯"?„ìš©ë²?ä¸»è? + ??+ è¯´è¯,è¡¨ç¤ºå¯¹è¯?„åŠ¨è¯??Œæœ‹??+ è¯´è¯,Verbo 'hablar' conjugaciÃ³n,Sujeto + hablar + con,Verbo que indica conversaciÃ³n,Hablar + con amigo,?´ì•¼ê¸°í•˜??talk,è©±ã™,è¯´è¯,hablar
daily_laugh_verb,daily,family,basic,casual home,question,?™ì‚¬ '?ƒë‹¤' ?œìš©,ì£¼ì–´ + ê²?+ ?ƒë‹¤,ê¸°ì¨???˜í??´ëŠ” ?™ì‚¬,?¬ê²Œ + ?ƒì–´??Verb 'laugh' usage,Subject + laugh + adverb,Verb showing joy,Laugh + loudly,?•è©?Œç¬‘?†ã€ã®?œìš©,ä¸»èª + ??+ ç¬‘ã†,?œã³?’è¡¨?™å‹•è©?å¤§ã??+ ç¬‘ã„?¾ã™,?¨è¯"ç¬??„ìš©ë²?ä¸»è? + ??+ ç¬?è¡¨ç¤º?œæ‚¦?„åŠ¨è¯?å¤§å£° + ç¬?Verbo 'reÃ­r' conjugaciÃ³n,Sujeto + reÃ­r + adverbio,Verbo que indica alegrÃ­a,ReÃ­r + fuerte,?ƒë‹¤,laugh,ç¬‘ã†,ç¬?reÃ­r
daily_visit_verb,daily,family,basic,casual home,question,?™ì‚¬ 'ë°©ë¬¸?˜ë‹¤' ?œìš©,ì£¼ì–´ + ??ë¥?+ ë°©ë¬¸?˜ë‹¤,ë°©ë¬¸???˜í??´ëŠ” ?™ì‚¬,ì¹œêµ¬ë¥?+ ë°©ë¬¸?´ìš”,Verb 'visit' usage,Subject + visit + object,Verb showing visiting,Visit + friend,?•è©?Œè¨ª?ã™?‹ã€ã®?œìš©,ä¸»èª + ??+ è¨ªå•?™ã‚‹,è¨ªå•?’è¡¨?™å‹•è©??‹é”??+ è¨ªå•?—ã¾???¨è¯"?œè?"?„ìš©ë²?ä¸»è? + ?œè? + å®¾è?,è¡¨ç¤º?œè??„åŠ¨è¯??œè? + ?‹å‹,Verbo 'visitar' conjugaciÃ³n,Sujeto + visitar + objeto,Verbo que indica visita,Visitar + amigo,ë°©ë¬¸?˜ë‹¤,visit,è¨ªå•?™ã‚‹,?œè?,visitar
daily_call_verb,daily,family,basic,casual home,question,?™ì‚¬ '?„í™”?˜ë‹¤' ?œìš©,ì£¼ì–´ + ?ê²Œ + ?„í™”?˜ë‹¤,?µí™”ë¥??˜í??´ëŠ” ?™ì‚¬,ì¹œêµ¬?ê²Œ + ?„í™”?´ìš”,Verb 'call' usage,Subject + call + object,Verb showing phone call,Call + friend,?•è©?Œé›»è©±ã™?‹ã€ã®?œìš©,ä¸»èª + ??+ ?»è©±?™ã‚‹,?šè©±?’è¡¨?™å‹•è©??‹é”??+ ?»è©±?—ã¾???¨è¯"?“ç”µè¯??„ìš©ë²?ä¸»è? + ç»?+ ?“ç”µè¯?è¡¨ç¤º?šè¯?„åŠ¨è¯?ç»™æœ‹??+ ?“ç”µè¯?Verbo 'llamar' conjugaciÃ³n,Sujeto + llamar + objeto,Verbo que indica llamada,Llamar + amigo,?„í™”?˜ë‹¤,call,?»è©±?™ã‚‹,?“ç”µè¯?llamar
daily_birthday_noun,daily,family,basic,casual home,question,ëª…ì‚¬ '?ì¼' ?©ë²•,?ì¼ + ì¶•í•˜,?„ìƒ?¼ì„ ê°€ë¦¬í‚¤??ëª…ì‚¬,?ì¼ + ?Œí‹°,Noun 'birthday' usage,Birthday + celebration,Noun referring to birth date,Birthday + party,?è©?Œèª•?Ÿæ—¥?ã®?©ë²•,èª•ç”Ÿ??+ ?Šç¥??èª•ç”Ÿ?¥ã‚’?‡ã™?è©,èª•ç”Ÿ??+ ?‘ãƒ¼?†ã‚£???è¯"?Ÿæ—¥"?„ìš©ë²??Ÿæ—¥ + åº†ç¥,?‡å‡º?Ÿæ—¥?Ÿçš„?è¯,?Ÿæ—¥ + ?šä¼š,Sustantivo 'cumpleaÃ±os' uso,CumpleaÃ±os + celebraciÃ³n,Sustantivo que se refiere a fecha de nacimiento,CumpleaÃ±os + fiesta,?ì¼,birthday,èª•ç”Ÿ???Ÿæ—¥,cumpleaÃ±os
daily_gift_noun,daily,family,basic,casual home,question,ëª…ì‚¬ '? ë¬¼' ?©ë²•,? ë¬¼ + ì£¼ë‹¤,ì£¼ëŠ” ë¬¼ê±´??ê°€ë¦¬í‚¤??ëª…ì‚¬,? ë¬¼ + ë°›ë‹¤,Noun 'gift' usage,Gift + giving,Noun referring to present,Gift + receiving,?è©?Œãƒ—?¬ã‚¼?³ãƒˆ?ã®?©ë²•,?—ãƒ¬?¼ãƒ³??+ ?‚ã’??è´ˆã‚Š?©ã‚’?‡ã™?è©,?—ãƒ¬?¼ãƒ³??+ ?‚ã‚‰???è¯"ç¤¼ç‰©"?„ìš©ë²?ç¤¼ç‰© + ???‡èµ ?ç‰©?çš„?è¯,ç¤¼ç‰© + ??Sustantivo 'regalo' uso,Regalo + dar,Sustantivo que se refiere a obsequio,Regalo + recibir,? ë¬¼,gift,?—ãƒ¬?¼ãƒ³??ç¤¼ç‰©,regalo
daily_party_noun,daily,family,basic,casual home,question,ëª…ì‚¬ '?Œí‹°' ?©ë²•,?Œí‹° + ?´ë‹¤,ì¶•ì œë¥?ê°€ë¦¬í‚¤??ëª…ì‚¬,?Œí‹° + ì°¸ì„?˜ë‹¤,Noun 'party' usage,Party + having,Noun referring to celebration,Party + attending,?è©?Œãƒ‘?¼ãƒ†?£ãƒ¼?ã®?©ë²•,?‘ãƒ¼?†ã‚£??+ ?‹ã,?Šç¥?„ã‚’?‡ã™?è©,?‘ãƒ¼?†ã‚£??+ ?‚åŠ ?™ã‚‹,?è¯"?šä¼š"?„ìš©ë²??šä¼š + ä¸¾åŠ,?‡åº†ç¥æ´»?¨çš„?è¯,?šä¼š + ?‚åŠ ,Sustantivo 'fiesta' uso,Fiesta + hacer,Sustantivo que se refiere a celebraciÃ³n,Fiesta + asistir,?Œí‹°,party,?‘ãƒ¼?†ã‚£???šä¼š,fiesta
daily_photo_noun,daily,family,basic,casual home,question,ëª…ì‚¬ '?¬ì§„' ?©ë²•,?¬ì§„ + ì°ë‹¤,ì´¬ì˜ë¬¼ì„ ê°€ë¦¬í‚¤??ëª…ì‚¬,?¬ì§„ + ë³´ë‹¤,Noun 'photo' usage,Photo + taking,Noun referring to picture,Photo + looking,?è©?Œå†™?Ÿã€ã®?©ë²•,?™çœŸ + ??‚‹,??½±?©ã‚’?‡ã™?è©,?™çœŸ + è¦‹ã‚‹,?è¯"?§ç‰‡"?„ìš©ë²??§ç‰‡ + ???‡æ‹?„ç‰©?„åè¯??§ç‰‡ + ??Sustantivo 'foto' uso,Foto + tomar,Sustantivo que se refiere a imagen,Foto + mirar,?¬ì§„,photo,?™çœŸ,?§ç‰‡,foto
daily_memory_noun,daily,family,basic,casual home,question,ëª…ì‚¬ 'ê¸°ì–µ' ?©ë²•,ê¸°ì–µ + ?˜ë‹¤,ë§ˆìŒ???¨ì? ê²ƒì„ ê°€ë¦¬í‚¤??ëª…ì‚¬,ê¸°ì–µ + ?˜ë‹¤,Noun 'memory' usage,Memory + coming,Noun referring to remembrance,Memory + having,?è©?Œè¨˜?¶ã€ã®?©ë²•,è¨˜æ†¶ + ?™ã‚‹,å¿ƒã«æ®‹ã£?Ÿã‚‚??‚’?‡ã™?è©,è¨˜æ†¶ + ?‚ã‚‹,?è¯"è®°å¿†"?„ìš©ë²?è®°å¿† + ?³èµ·,?‡å¿ƒä¸?•™ä¸‹ä¸œè¥¿çš„?è¯,è®°å¿† + ??Sustantivo 'memoria' uso,Memoria + venir,Sustantivo que se refiere a recuerdo,Memoria + tener,ê¸°ì–µ,memory,è¨˜æ†¶,è®°å¿†,memoria
daily_love_noun,daily,family,basic,casual home,question,ëª…ì‚¬ '?¬ë‘' ?©ë²•,?¬ë‘ + ?˜ë‹¤,ê¹Šì? ? ì •??ê°€ë¦¬í‚¤??ëª…ì‚¬,?¬ë‘ + ë°›ë‹¤,Noun 'love' usage,Love + doing,Noun referring to affection,Love + receiving,?è©?Œæ„›?ã®?©ë²•,??+ ?™ã‚‹,æ·±ã„?›æƒ…?’æŒ‡?™åè©???+ ?•ã‚Œ???è¯"???„ìš©ë²???+ ???‡æ·±å±‚æ„Ÿ?…çš„?è¯,??+ è¢?Sustantivo 'amor' uso,Amor + hacer,Sustantivo que se refiere a afecto,Amor + recibir,?¬ë‘,love,????amor
daily_happiness_noun,daily,family,basic,casual home,question,ëª…ì‚¬ '?‰ë³µ' ?©ë²•,?‰ë³µ + ?˜ë‹¤,ê¸°ìœ ?íƒœë¥?ê°€ë¦¬í‚¤??ëª…ì‚¬,?‰ë³µ + ?ë¼??Noun 'happiness' usage,Happiness + being,Noun referring to joy,Happiness + feeling,?è©?Œå¹¸?›ã€ì˜?©ë²•,å¹¸ã› + ??å¬‰ã—?„çŠ¶?‹ã‚’?‡ã™?è©,å¹¸ã› + ?Ÿã˜???è¯"å¹¸ç¦"?„ìš©ë²?å¹¸ç¦ + ???‡å¿«ä¹çŠ¶?çš„?è¯,å¹¸ç¦ + ?Ÿå—,Sustantivo 'felicidad' uso,Felicidad + siendo,Sustantivo que se refiere a alegrÃ­a,Felicidad + sentir,?‰ë³µ,happiness,å¹¸ã›,å¹¸ç¦,felicidad
daily_together_adverb,daily,family,basic,casual home,question,ë¶€??'?¨ê»˜' ?©ë²•,?¨ê»˜ + ?™ì‚¬,ê°™ì´ë¥??˜í??´ëŠ” ë¶€???¨ê»˜ + ê°€??Adverb 'together' usage,Together + verb,Adverb showing unity,Together + go,??©?Œä?ç·’ã«?ì˜?©ë²•,ä¸€ç·’ã« + ?•è©,?±ã«?’è¡¨?™å‰¯è©?ä¸€ç·’ã« + è¡Œã,??¯"ä¸€èµ??„ìš©ë²?ä¸€èµ?+ ?¨è¯,è¡¨ç¤º?±åŒ?„å‰¯è¯?ä¸€èµ?+ ??Adverbio 'juntos' uso,Juntos + verbo,Adverbio que indica unidad,Juntos + ir,?¨ê»˜,together,ä¸€ç·’ã«,ä¸€èµ?juntos
daily_always_adverb,daily,family,basic,casual home,question,ë¶€??'??ƒ' ?©ë²•,??ƒ + ?™ì‚¬,?¸ì œ?˜ë? ?˜í??´ëŠ” ë¶€????ƒ + ?¬ë‘?˜ë‹¤,Adverb 'always' usage,Always + verb,Adverb showing permanence,Always + love,??©?Œã„?¤ã‚‚?ì˜?©ë²•,?„ã¤??+ ?•è©,å¸¸ã«?’è¡¨?™å‰¯è©??„ã¤??+ ?›ã™????¯"?»æ˜¯"?„ìš©ë²??»æ˜¯ + ?¨è¯,è¡¨ç¤º?ç»­?„å‰¯è¯??»æ˜¯ + ??Adverbio 'siempre' uso,Siempre + verbo,Adverbio que indica permanencia,Siempre + amar,??ƒ,always,?„ã¤???»æ˜¯,siempre
daily_very_adverb,daily,family,basic,casual home,question,ë¶€??'ë§¤ìš°' ?©ë²•,ë§¤ìš° + ?•ìš©???„ì£¼ë¥??˜í??´ëŠ” ë¶€??ë§¤ìš° + ì¢‹ë‹¤,Adverb 'very' usage,Very + adjective,Adverb showing intensity,Very + good,??©?Œã¨?¦ã‚‚?ì˜?©ë²•,?¨ã¦??+ å½¢å?è©??å¸¸?«ã‚’è¡¨ã™??©,?¨ã¦??+ ??„,??¯"?å¸¸"?„ìš©ë²??å¸¸ + å½¢å?è¯?è¡¨ç¤ºç¨‹åº¦?„å‰¯è¯??å¸¸ + å¥?Adverbio 'muy' uso,Muy + adjetivo,Adverbio que indica intensidad,Muy + bueno,ë§¤ìš°,very,?¨ã¦???å¸¸,muy
daily_now_adverb,daily,family,basic,casual home,question,ë¶€??'ì§€ê¸? ?©ë²•,ì§€ê¸?+ ?™ì‚¬,?„ì¬ë¥??˜í??´ëŠ” ë¶€??ì§€ê¸?+ ?˜ë‹¤,Adverb 'now' usage,Now + verb,Adverb showing present time,Now + do,??©?Œä»Š?ì˜?©ë²•,ä»?+ ?•è©,?¾åœ¨?’è¡¨?™å‰¯è©?ä»?+ ?™ã‚‹,??¯"?°åœ¨"?„ìš©ë²??°åœ¨ + ?¨è¯,è¡¨ç¤º?°åœ¨?„å‰¯è¯??°åœ¨ + ??Adverbio 'ahora' uso,Ahora + verbo,Adverbio que indica tiempo presente,Ahora + hacer,ì§€ê¸?now,ä»??°åœ¨,ahora
